exercicio;codigo_unidade_gestora;codigo_unidade_orcamentaria;nome_unidade_orcamentaria;numero_empenho;data_empenho;codigo_elemento;nome_elemento_despesa;codigo_funcao;nome_funcao;codigo_sub_funcao;nome_sub_funcao;codigo_programa;nome_programa;codigo_acao;nome_acao;nome_credor;codigo_credor;historico;valor_contratado;valor_realizado;valor_pago
2024;201157;02040;Secretaria de Saude;'0000328;2024-02-06;30;Material de Consumo;10;Saúde;301;Atenção Básica;2002;ADMINISTRANDO COM O CUIDADO DO POVO ESSE E MEU LUGAR;2009;MANUTENCAO DAS ATIVIDADES DA  SECRETARIA DE SAUDE;HILTON PINHEIRO DANTAS;'09261355000109;VALOR QUE SE EMPENHA REFERENTE A COMPRA DE COMBUSTIVEL GASOLINA COMUM DESTINADO AO VEICULO UNO MILLE DE PLACA OXO3828 PERTENCENTE A SECRETARIA DE SAUDE DESTE MUNICIPIO RELATIVO AO MÊS DE JANEIRO DE 2024;661.86;661.86;661.86
2024;201157;02070;Secretaria de Desenvolvimento Social;'0000935;2024-03-06;30;Material de Consumo;8;Assistêncial Social;122;Administração Geral;1003;DESENVOLVIMENTO SOCIAL, POR MAIS CIDADANIA E DIREITOS ESSE E MEU LUGAR;2025;MANUTENCAO DAS ATIVIDADES DA SECRETARIA DE DESENVOLVIMENTO SOCIAL;HILTON PINHEIRO DANTAS;'09261355000109;VALOR QUE SE EMPENHA REFERENTE A COMPRA DE COMBUSTIVEL OLEO DIESEL S10 DESTINADO AO SPRINT CAMINHAO DE PLACA RLX0D19 PERTENCENTE A SECRETARIA DE DESENVOLVIMENTO SOCIAL DESTE MUNICIPIO RELATIVO AO MÊS DE FEVEREIRO DE 2024;325.27;325.27;325.27
2024;201157;02070;Secretaria de Desenvolvimento Social;'0000936;2024-03-06;30;Material de Consumo;8;Assistêncial Social;122;Administração Geral;1003;DESENVOLVIMENTO SOCIAL, POR MAIS CIDADANIA E DIREITOS ESSE E MEU LUGAR;2025;MANUTENCAO DAS ATIVIDADES DA SECRETARIA DE DESENVOLVIMENTO SOCIAL;HILTON PINHEIRO DANTAS;'09261355000109;VALOR QUE SE EMPENHA REFERENTE A COMPRA DE COMBUSTIVEL GASOLINA COMUM DESTINADO AO VEICULO PALIO DE PLACA QSF5809 PERTENCENTE AO CONSELHO DO IDOSO DA SECRETARIA DE DESENVOLVIMENTO SOCIAL DESTE MUNICIPIO RELATIVO AO MÊS DE FEVEREIRO DE 2024;786.09;786.09;786.09
2024;201157;02070;Secretaria de Desenvolvimento Social;'0000937;2024-03-06;30;Material de Consumo;8;Assistêncial Social;243;Assistência à Criança e ao Adolescente;1003;DESENVOLVIMENTO SOCIAL, POR MAIS CIDADANIA E DIREITOS ESSE E MEU LUGAR;2026;MANUTENCAO DO CONSELHO TUTELAR;HILTON PINHEIRO DANTAS;'09261355000109;VALOR QUE SE EMPENHA REFERENTE A COMPRA DE COMBUSTIVEL GASOLINA COMUM DESTINADO AO VEICULO PALIO DE PLACA OGG6585 PERTENCENTE A SECRETARIA DE DESENVOLVIMENTO SOCIAL DESTE MUNICIPIO RELATIVO AO MÊS DE FEVEREIRO DE 2024;696.8;696.8;696.8
2024;201157;02080;Secretaria de Obras e Servicos Urbanos;'0000938;2024-03-06;30;Material de Consumo;15;Urbanismo;122;Administração Geral;2002;ADMINISTRANDO COM O CUIDADO DO POVO ESSE E MEU LUGAR;2028;MANUTENCAO DAS ATIVIDADES DA SECRETARIA DE OBRAS E SERVICOS URBANOS;HILTON PINHEIRO DANTAS;'09261355000109;VALOR QUE SE EMPENHA REFERENTE A COMPRA DE COMBUSTIVEL OLEO DIESEL S10 DESTINADO AO CAMINHAO IVECO DE PLACA RLX7I97 PERTENCENTE A SECRETARIA DE OBRAS E SERVICOS URBANOS DESTE MUNICIPIO RELATIVO AO MÊS DE FEVEREIRO DE 2024;1195.18;1195.18;1195.18
2024;201157;02070;Secretaria de Desenvolvimento Social;'0000939;2024-03-06;30;Material de Consumo;8;Assistêncial Social;243;Assistência à Criança e ao Adolescente;1003;DESENVOLVIMENTO SOCIAL, POR MAIS CIDADANIA E DIREITOS ESSE E MEU LUGAR;2026;MANUTENCAO DO CONSELHO TUTELAR;HILTON PINHEIRO DANTAS;'09261355000109;VALOR QUE SE EMPENHA REFERENTE A COMPRA DE COMBUSTIVEL GASOLINA COMUM DESTINADO AO CRONNOS DE PLACA SLD6G90 PERTENCENTE AO CONSELHO TUTELAR DESTE MUNICIPIO RELATIVO AO MÊS DE FEVEREIRO DE 2024;353.36;353.36;353.36
2024;201157;02010;Secretaria de Gestao;'0000940;2024-03-06;30;Material de Consumo;4;Administração;122;Administração Geral;2002;ADMINISTRANDO COM O CUIDADO DO POVO ESSE E MEU LUGAR;2002;MANUTENCAO DAS ATIVIDADES DA SECRETARIA DE GESTAO;HILTON PINHEIRO DANTAS;'09261355000109;VALOR QUE SE EMPENHA REFERENTE A COMPRA DE COMBUSTIVEL GASOLINA COMUM DESTINADO AO ONIX DE PLACA QFH0E31 LOCADO A DISPOSICAO DO GABINETE DO PREFEITO RELATIVO AO MÊS DE FEVEREIRO DE 2024;841.64;841.64;841.64
2024;201157;02080;Secretaria de Obras e Servicos Urbanos;'0000941;2024-03-06;30;Material de Consumo;15;Urbanismo;122;Administração Geral;2002;ADMINISTRANDO COM O CUIDADO DO POVO ESSE E MEU LUGAR;2028;MANUTENCAO DAS ATIVIDADES DA SECRETARIA DE OBRAS E SERVICOS URBANOS;HILTON PINHEIRO DANTAS;'09261355000109;VALOR QUE SE EMPENHA REFERENTE A COMPRA DE COMBUSTIVEL OLEO DIESEL S10 DESTINADO AO CAMINHAO IVECO DE PLACA RUN9I29 PERTENCENTE A SECRETARIA DE OBRAS E SERVICOS URBANOS DESTE MUNICIPIO RELATIVO AO MÊS DE FEVEREIRO DE 2024;6293.87;6293.87;6293.87
2024;201157;02050;Secretaria de Educacao;'0000942;2024-03-06;30;Material de Consumo;12;Educação;361;Ensino Fundamental;1001;EDUCACAO CIDADA, INTEGRAL E PROFISSIONAL ESSE E MEU LUGAR;2010;MANUTENCAO DAS ATIVIDADES DO ENSINO FUNDAMENTAL;HILTON PINHEIRO DANTAS;'09261355000109;VALOR QUE SE EMPENHA REFERENTE A COMPRA DE COMBUSTIVEL GASOLINA COMUM DESTINADO AO VEICULO STRADA DE PLACA SKV9F88 PERTENCENTE A SECRETARIA DE EDUCACAO DESTE MUNICIPIO RELATIVO AO MÊS DE FEVEREIRO DE 2024;1073.26;1073.26;1073.26
2024;201157;02080;Secretaria de Obras e Servicos Urbanos;'0000943;2024-03-06;30;Material de Consumo;15;Urbanismo;122;Administração Geral;2002;ADMINISTRANDO COM O CUIDADO DO POVO ESSE E MEU LUGAR;2028;MANUTENCAO DAS ATIVIDADES DA SECRETARIA DE OBRAS E SERVICOS URBANOS;HILTON PINHEIRO DANTAS;'09261355000109;VALOR QUE SE EMPENHA REFERENTE A COMPRA DE COMBUSTIVEL OLEO DIESEL S10 DESTINADO AO CAMINHAO COMPACTADOR DE PLACA SKX4C74 PERTENCENTE A SECRETARIA DE OBRAS E SERVICOS URBANOS DESTE MUNICIPIO RELATIVO AO MÊS DE FEVEREIRO DE 2024;15390.75;15390.75;15390.75
2024;201157;02140;Fundo Municipal de Assistência Social;'0000944;2024-03-06;30;Material de Consumo;8;Assistêncial Social;244;Assistência Comunitária;1003;DESENVOLVIMENTO SOCIAL, POR MAIS CIDADANIA E DIREITOS ESSE E MEU LUGAR;2050;MANUTENCAO E GERENCIAMENTO DO PROGRAMA BOLSA FAMILIA;HILTON PINHEIRO DANTAS;'09261355000109;VALOR QUE SE EMPENHA REFERENTE A COMPRA DE COMBUSTIVEL GASOLINA COMUM DESTINADO A SPIN DE PLACA QNS4268 PERTENCENTE AO BOLSA FAMILIA DESTE MUNICIPIO RELATIVO AO MÊS DE FEVEREIRO DE 2024;1237.28;1237.28;1237.28
2024;201157;02080;Secretaria de Obras e Servicos Urbanos;'0000945;2024-03-06;30;Material de Consumo;15;Urbanismo;122;Administração Geral;2002;ADMINISTRANDO COM O CUIDADO DO POVO ESSE E MEU LUGAR;2028;MANUTENCAO DAS ATIVIDADES DA SECRETARIA DE OBRAS E SERVICOS URBANOS;HILTON PINHEIRO DANTAS;'09261355000109;VALOR QUE SE EMPENHA REFERENTE A COMPRA DE COMBUSTIVEL GASOLINA COMUM DESTINADO AO CORTADOR DE GRAMA CORT001 PERTENCENTE A SECRETARIA DE OBRAS E SERVICOS URBANOS DESTE MUNICIPIO RELATIVO AO MÊS DE FEVEREIRO DE 2024;188.65;188.65;188.65
2024;201157;02080;Secretaria de Obras e Servicos Urbanos;'0000946;2024-03-06;30;Material de Consumo;15;Urbanismo;122;Administração Geral;2002;ADMINISTRANDO COM O CUIDADO DO POVO ESSE E MEU LUGAR;2028;MANUTENCAO DAS ATIVIDADES DA SECRETARIA DE OBRAS E SERVICOS URBANOS;HILTON PINHEIRO DANTAS;'09261355000109;VALOR QUE SE EMPENHA REFERENTE A COMPRA DE COMBUSTIVEL GASOLINA COMUM DESTINADO A BOMBA D'AGUA BOM0001 PERTENCENTE A SECRETARIA DE OBRAS E SERVICOS URBANOS DESTE MUNICIPIO RELATIVO AO MÊS DE FEVEREIRO DE 2024;53.9;53.9;53.9
2024;201157;02040;Secretaria de Saude;'0003789;2024-07-02;30;Material de Consumo;10;Saúde;301;Atenção Básica;2002;ADMINISTRANDO COM O CUIDADO DO POVO ESSE E MEU LUGAR;2009;MANUTENCAO DAS ATIVIDADES DA  SECRETARIA DE SAUDE;HILTON PINHEIRO DANTAS;'09261355000109;VALOR QUE SE EMPENHA REFERENTE A COMPRA DE COMBUSTIVEL GASOLINA COMUM DESTINADO A MOTO SHINERAY DE PLACA SLF9G49 PERTENCENTE A SECRETARIA DE SAUDE DESTE MUNICIPIO RELATIVO AO MÊS DE JUNHO DE 2024;109.56;109.56;109.56
2024;201157;02080;Secretaria de Obras e Servicos Urbanos;'0003790;2024-07-03;30;Material de Consumo;15;Urbanismo;122;Administração Geral;2002;ADMINISTRANDO COM O CUIDADO DO POVO ESSE E MEU LUGAR;2028;MANUTENCAO DAS ATIVIDADES DA SECRETARIA DE OBRAS E SERVICOS URBANOS;HILTON PINHEIRO DANTAS;'09261355000109;VALOR QUE SE EMPENHA REFERENTE A COMPRA DE FILTRO DE COM FILTRO DE OLEO E LUBRIFICANTE DESTINADO AO CAMINHAO COMPACTADOR DE PLACA SKX4C74 PERTENCENTE A SECRETARIA DE OBRAS E SERVICOS URBANOS DESTE MUNICIPIO RELATIVO AO MES DE JUNHO DE 2024;827.0;827.0;827.0
2024;201157;02080;Secretaria de Obras e Servicos Urbanos;'0003793;2024-07-03;30;Material de Consumo;15;Urbanismo;122;Administração Geral;2002;ADMINISTRANDO COM O CUIDADO DO POVO ESSE E MEU LUGAR;2028;MANUTENCAO DAS ATIVIDADES DA SECRETARIA DE OBRAS E SERVICOS URBANOS;HILTON PINHEIRO DANTAS;'09261355000109;VALOR QUE SE EMPENHA REFERENTE A COMPRA DE GRAXA DESTINADA AOS VEICULOS DA FROTA MUNICIPAL;1791.0;1791.0;1791.0
2024;201157;02080;Secretaria de Obras e Servicos Urbanos;'0003795;2024-07-03;30;Material de Consumo;15;Urbanismo;122;Administração Geral;2002;ADMINISTRANDO COM O CUIDADO DO POVO ESSE E MEU LUGAR;2028;MANUTENCAO DAS ATIVIDADES DA SECRETARIA DE OBRAS E SERVICOS URBANOS;HILTON PINHEIRO DANTAS;'09261355000109;VALOR QUE SE EMPENHA REFERENTE A COMPRA DE LUBRIFICANTE DESTINADO AO CAMINHAO IVECO DE PLACA RLX7I97 PERTENCENTE A SECRETARIA DE OBRAS E SERVICOS URBANOS DESTE MUNICIPIO RELATIVO AO MES DE JUNHO DE 2024;358.0;358.0;358.0
2024;201157;02010;Secretaria de Gestao;'0003798;2024-07-03;30;Material de Consumo;4;Administração;122;Administração Geral;2002;ADMINISTRANDO COM O CUIDADO DO POVO ESSE E MEU LUGAR;2002;MANUTENCAO DAS ATIVIDADES DA SECRETARIA DE GESTAO;HILTON PINHEIRO DANTAS;'09261355000109;VALOR QUE SE EMPENHA REFERENTE A COMPRA DE LUBRIFICANTE DESTINADO AO PALIO DE PLACA QFE8506 PERTENCENTE A SECRETARIA DE GESTAO DESTE MUNICIPIO RELATIVO AO MES DE JUNHO DE 2024;170.1;170.1;170.1
2024;201157;02080;Secretaria de Obras e Servicos Urbanos;'0003800;2024-07-03;30;Material de Consumo;15;Urbanismo;122;Administração Geral;2002;ADMINISTRANDO COM O CUIDADO DO POVO ESSE E MEU LUGAR;2028;MANUTENCAO DAS ATIVIDADES DA SECRETARIA DE OBRAS E SERVICOS URBANOS;HILTON PINHEIRO DANTAS;'09261355000109;VALOR QUE SE EMPENHA REFERENTE A COMPRA DE COMBUSTIVEL GASOLINA COMUM DESTINADO A MOTOSERRA MOTSER01 PERTENCENTE A SECRETARIA DE OBRAS E SERVICOS URBANOS DESTE MUNICIPIO RELATIVO AO MES DE JUNHO DE 2024;111.8;111.8;111.8
2024;201157;02080;Secretaria de Obras e Servicos Urbanos;'0003801;2024-07-03;30;Material de Consumo;15;Urbanismo;122;Administração Geral;2002;ADMINISTRANDO COM O CUIDADO DO POVO ESSE E MEU LUGAR;2028;MANUTENCAO DAS ATIVIDADES DA SECRETARIA DE OBRAS E SERVICOS URBANOS;HILTON PINHEIRO DANTAS;'09261355000109;VALOR QUE SE EMPENHA REFERENTE A COMPRA DE COMBUSTIVEL GASOLINA COMUM DESTINADO A BOMBA D'AGUA BOM0001 PERTENCENTE A SECRETARIA DE OBRAS E SERVICOS URBANOS DESTE MUNICIPIO RELATIVO AO MES DE JUNHO DE 2024;228.8;228.8;228.8
2024;201157;02080;Secretaria de Obras e Servicos Urbanos;'0003803;2024-07-03;30;Material de Consumo;15;Urbanismo;122;Administração Geral;2002;ADMINISTRANDO COM O CUIDADO DO POVO ESSE E MEU LUGAR;2028;MANUTENCAO DAS ATIVIDADES DA SECRETARIA DE OBRAS E SERVICOS URBANOS;HILTON PINHEIRO DANTAS;'09261355000109;VALOR QUE SE EMPENHA REFERENTE A COMPRA DE COMBUSTIVEL GASOLINA COMUM DESTINADO A ROCADEIRA SHT0001 PERTENCENTE A SECRETARIA DE OBRAS E SERVICOS URBANOS DESTE MUNICIPIO RELATIVO AO MES DE JUNHO DE 2024;108.97;108.97;108.97
2024;201157;02080;Secretaria de Obras e Servicos Urbanos;'0003804;2024-07-03;30;Material de Consumo;15;Urbanismo;122;Administração Geral;2002;ADMINISTRANDO COM O CUIDADO DO POVO ESSE E MEU LUGAR;2028;MANUTENCAO DAS ATIVIDADES DA SECRETARIA DE OBRAS E SERVICOS URBANOS;HILTON PINHEIRO DANTAS;'09261355000109;VALOR QUE SE EMPENHA REFERENTE A COMPRA DE COMBUSTIVEL GASOLINA COMUM DESTINADO A ROCADEIRA SHT0002 PERTENCENTE A SECRETARIA DE OBRAS E SERVICOS URBANOS DESTE MUNICIPIO RELATIVO AO MES DE JUNHO DE 2024;146.25;146.25;146.25
2024;201157;02080;Secretaria de Obras e Servicos Urbanos;'0003805;2024-07-03;30;Material de Consumo;15;Urbanismo;122;Administração Geral;2002;ADMINISTRANDO COM O CUIDADO DO POVO ESSE E MEU LUGAR;2028;MANUTENCAO DAS ATIVIDADES DA SECRETARIA DE OBRAS E SERVICOS URBANOS;HILTON PINHEIRO DANTAS;'09261355000109;VALOR QUE SE EMPENHA REFERENTE A COMPRA DE COMBUSTIVEL GASOLINA COMUM DESTINADO AO CORTADOR DE GRAMA CORT001 PERTENCENTE A SECRETARIA DE OBRAS E SERVICOS URBANOS DESTE MUNICIPIO RELATIVO AO MES DE JUNHO DE 2024;172.89;172.89;172.89
2024;201157;02060;Secretaria de Transito;'0003806;2024-07-03;30;Material de Consumo;26;Transporte;122;Administração Geral;2002;ADMINISTRANDO COM O CUIDADO DO POVO ESSE E MEU LUGAR;2024;MANUTENCAO DAS ATIVIDADES DA SECRETARIA DE TRANSITO;HILTON PINHEIRO DANTAS;'09261355000109;VALOR QUE SE EMPENHA REFERENTE A COMPRA DE COMBUSTIVEL GASOLINA COMUM DESTINADO A MOTO XR190 DE PLACA SKX7B03 PERTENCENTE A SECRETARIA DE TRANSITO DESTE MUNICIPIO RELATIVO AO MES DE JUNHO DE 2024;59.36;59.36;59.36
2024;201157;02090;Secretaria de Agricultura e Meio Ambiente;'0003807;2024-07-03;30;Material de Consumo;20;Agricultura;122;Administração Geral;2002;ADMINISTRANDO COM O CUIDADO DO POVO ESSE E MEU LUGAR;2029;MANUTENCAO DAS ATIVIDADES DA SECRETARIA DE AGRICULTURA E MEIO AMBIENTE;HILTON PINHEIRO DANTAS;'09261355000109;VALOR QUE SE EMPENHA REFERENTE A COMPRA DE COMBUSTIVEL GASOLINA COMUM DESTINADO AO VEICULO NXRI 150 BROS  DE PLACA NQI0465 PERTENCENTE A SECRETARIA DE AGRICULTURA DESTE MUNICIPIO RELATIVO AO MES DE JUNHO DE 2024;157.61;157.61;157.61
2024;201157;02080;Secretaria de Obras e Servicos Urbanos;'0003808;2024-07-03;30;Material de Consumo;15;Urbanismo;122;Administração Geral;2002;ADMINISTRANDO COM O CUIDADO DO POVO ESSE E MEU LUGAR;2028;MANUTENCAO DAS ATIVIDADES DA SECRETARIA DE OBRAS E SERVICOS URBANOS;HILTON PINHEIRO DANTAS;'09261355000109;VALOR QUE SE EMPENHA REFERENTE A COMPRA DE COMBUSTIVEL GASOLINA COMUM DESTINADO A MOTO CG125  DE PLACA NPT0772 PERTENCENTE A SECRETARIA DE OBRAS DESTE MUNICIPIO RELATIVO AO MES DE JUNHO DE 2024;148.69;148.69;148.69
2024;201157;02060;Secretaria de Transito;'0003809;2024-07-03;30;Material de Consumo;26;Transporte;122;Administração Geral;2002;ADMINISTRANDO COM O CUIDADO DO POVO ESSE E MEU LUGAR;2024;MANUTENCAO DAS ATIVIDADES DA SECRETARIA DE TRANSITO;HILTON PINHEIRO DANTAS;'09261355000109;VALOR QUE SE EMPENHA REFERENTE A COMPRA DE COMBUSTIVEL GASOLINA COMUM DESTINADO A MOTO XR190 DE PLACA SKX7A83 PERTENCENTE A SECRETARIA DE TRANSITO DESTE MUNICIPIO RELATIVO AO MES DE JUNHO DE 2024;64.39;64.39;64.39
2024;201157;02060;Secretaria de Transito;'0003811;2024-07-03;30;Material de Consumo;26;Transporte;122;Administração Geral;2002;ADMINISTRANDO COM O CUIDADO DO POVO ESSE E MEU LUGAR;2024;MANUTENCAO DAS ATIVIDADES DA SECRETARIA DE TRANSITO;HILTON PINHEIRO DANTAS;'09261355000109;VALOR QUE SE EMPENHA REFERENTE A COMPRA DE COMBUSTIVEL GASOLINA COMUM DESTINADO AO PALIO DE PLACA QFE8506 PERTENCENTE A SECRETARIA DE TRANSITO DESTE MUNICIPIO RELATIVO AO MES DE JUNHO DE 2024;494.03;494.03;494.03
2024;201157;02010;Secretaria de Gestao;'0003813;2024-07-03;30;Material de Consumo;4;Administração;122;Administração Geral;2002;ADMINISTRANDO COM O CUIDADO DO POVO ESSE E MEU LUGAR;2002;MANUTENCAO DAS ATIVIDADES DA SECRETARIA DE GESTAO;HILTON PINHEIRO DANTAS;'09261355000109;VALOR QUE SE EMPENHA REFERENTE A COMPRA DE COMBUSTIVEL GASOLINA COMUM DESTINADO AO ONIX DE PLACA QFH0E31 LOCADO A DISPOSICAO DO GABINETE DO PREFEITO RELATIVO AO MES DE JUNHO DE 2024;199.88;199.88;199.88
2024;201157;02140;Fundo Municipal de Assistência Social;'0003814;2024-07-03;30;Material de Consumo;8;Assistêncial Social;244;Assistência Comunitária;1003;DESENVOLVIMENTO SOCIAL, POR MAIS CIDADANIA E DIREITOS ESSE E MEU LUGAR;2050;MANUTENCAO E GERENCIAMENTO DO PROGRAMA BOLSA FAMILIA;HILTON PINHEIRO DANTAS;'09261355000109;VALOR QUE SE EMPENHA REFERENTE A COMPRA DE COMBUSTIVEL GASOLINA COMUM DESTINADO A SPIN DE PLACA QNS4268 PERTENCENTE AO BOLSA FAMILIA DESTE MUNICIPIO RELATIVO AO MES DE JUNHO DE 2024;888.95;888.95;888.95
2024;201157;02070;Secretaria de Desenvolvimento Social;'0003815;2024-07-03;30;Material de Consumo;8;Assistêncial Social;122;Administração Geral;1003;DESENVOLVIMENTO SOCIAL, POR MAIS CIDADANIA E DIREITOS ESSE E MEU LUGAR;2025;MANUTENCAO DAS ATIVIDADES DA SECRETARIA DE DESENVOLVIMENTO SOCIAL;HILTON PINHEIRO DANTAS;'09261355000109;VALOR QUE SE EMPENHA REFERENTE A COMPRA DE COMBUSTIVEL GASOLINA COMUM DESTINADO AO VEICULO AIR CROSS DE PLACA QSF5809PB PERTENCENTE AO CONSELHO DO IDOSO  DESTE MUNICIPIO RELATIVO AO MES DE JUNHO DE 2024;1340.72;1340.72;1340.72
2024;201157;02010;Secretaria de Gestao;'0003817;2024-07-03;30;Material de Consumo;4;Administração;122;Administração Geral;2002;ADMINISTRANDO COM O CUIDADO DO POVO ESSE E MEU LUGAR;2002;MANUTENCAO DAS ATIVIDADES DA SECRETARIA DE GESTAO;HILTON PINHEIRO DANTAS;'09261355000109;VALOR QUE SE EMPENHA REFERENTE A COMPRA DE COMBUSTIVEL GASOLINA COMUM DESTINADO AO VEICULO PALIO DE PLACA OGG6585PB PERTENCENTE A SECRETARIA DE GESTAO DESTE MUNICIPIO RELATIVO AO MES DE JUNHO DE 2024;1625.18;1625.18;1625.18
2024;201157;02080;Secretaria de Obras e Servicos Urbanos;'0003818;2024-07-03;30;Material de Consumo;15;Urbanismo;122;Administração Geral;2002;ADMINISTRANDO COM O CUIDADO DO POVO ESSE E MEU LUGAR;2028;MANUTENCAO DAS ATIVIDADES DA SECRETARIA DE OBRAS E SERVICOS URBANOS;HILTON PINHEIRO DANTAS;'09261355000109;VALOR QUE SE EMPENHA REFERENTE A COMPRA DE COMBUSTIVEL GASOLINA COMUM DESTINADO A SAVEIRO DE PLACA QSI3E62 LOCADA A DISPOSICAO DA SECRETARIA DE OBRAS DESTE MUNICIPIO REFERENTE AO MES DE JUNHO DE 2024;817.43;817.43;817.43
2024;201157;02010;Secretaria de Gestao;'0003820;2024-07-03;30;Material de Consumo;4;Administração;122;Administração Geral;2002;ADMINISTRANDO COM O CUIDADO DO POVO ESSE E MEU LUGAR;2002;MANUTENCAO DAS ATIVIDADES DA SECRETARIA DE GESTAO;HILTON PINHEIRO DANTAS;'09261355000109;VALOR QUE SE EMPENHA REFERENTE A COMPRA DE COMBUSTIVEL GASOLINA COMUM DESTINADO AO NISSAN KICKS DE PLACA SLB2F65 LOCADO A DISPOSICAO DO GABINETE DO PREFEITO RELATIVO AO MES DE JUNHO DE 2024;539.04;539.04;539.04
2024;201157;02050;Secretaria de Educacao;'0003822;2024-07-03;30;Material de Consumo;12;Educação;361;Ensino Fundamental;1001;EDUCACAO CIDADA, INTEGRAL E PROFISSIONAL ESSE E MEU LUGAR;2010;MANUTENCAO DAS ATIVIDADES DO ENSINO FUNDAMENTAL;HILTON PINHEIRO DANTAS;'09261355000109;VALOR QUE SE EMPENHA REFERENTE A COMPRA DE COMBUSTIVEL GASOLINA COMUM DESTINADO AO VEICULO STRADA DE PLACA SKV9F88 PERTENCENTE A SECRETARIA DE EDUCACAO DESTE MUNICIPIO RELATIVO AO MES DE JUNHO DE 2024;1393.33;1393.33;1393.33
2024;201157;02070;Secretaria de Desenvolvimento Social;'0003823;2024-07-03;30;Material de Consumo;8;Assistêncial Social;243;Assistência à Criança e ao Adolescente;1003;DESENVOLVIMENTO SOCIAL, POR MAIS CIDADANIA E DIREITOS ESSE E MEU LUGAR;2026;MANUTENCAO DO CONSELHO TUTELAR;HILTON PINHEIRO DANTAS;'09261355000109;VALOR QUE SE EMPENHA REFERENTE A COMPRA DE COMBUSTIVEL GASOLINA COMUM DESTINADO AO CRONNOS DE PLACA SLD6G90 PERTENCENTE AO CONSELHO TUTELAR DESTE MUNICIPIO RELATIVO AO MES DE JUNHO DE 2024;421.75;421.75;421.75
2024;201157;02070;Secretaria de Desenvolvimento Social;'0003824;2024-07-03;30;Material de Consumo;8;Assistêncial Social;122;Administração Geral;1003;DESENVOLVIMENTO SOCIAL, POR MAIS CIDADANIA E DIREITOS ESSE E MEU LUGAR;2025;MANUTENCAO DAS ATIVIDADES DA SECRETARIA DE DESENVOLVIMENTO SOCIAL;HILTON PINHEIRO DANTAS;'09261355000109;VALOR QUE SE EMPENHA REFERENTE A COMPRA DE COMBUSTIVEL OLEO DIESEL S10 DESTINADO AO SPRINT CAMINHAO DE PLACA RLX0D19 PERTENCENTE A SECRETARIA DE DESENVOLVIMENTO SOCIAL DESTE MUNICIPIO RELATIVO AO MES DE JUNHO DE 2024;693.51;693.51;693.51
2024;201157;02130;Secretaria de Esporte e Lazer;'0003826;2024-07-03;30;Material de Consumo;27;Desporto e Lazer;122;Administração Geral;1005;CULTURA VIVA E TURISMO INCLUSO E SUSTENTAVEL ESSE E MEU LUGAR;2043;MANUTENCAO DAS ATIVIDADES DA SECRETARIA DE ESPORTE E LAZER;HILTON PINHEIRO DANTAS;'09261355000109;VALOR QUE SE EMPENHA REFERENTE A COMPRA DE COMBUSTIVEL OLEO DIESEL S10 E BS500 DESTINADO A DUCATO DE PLACA MND5583 PERTENCENTE A SECRETARIA DE ESPORTE DESTE MUNICIPIO RELATIVO AO MES DE JUNHO DE 2024;1123.66;1123.66;1123.66
2024;201157;02060;Secretaria de Transito;'0004670;2024-08-06;30;Material de Consumo;26;Transporte;122;Administração Geral;2002;ADMINISTRANDO COM O CUIDADO DO POVO ESSE E MEU LUGAR;2024;MANUTENCAO DAS ATIVIDADES DA SECRETARIA DE TRANSITO;HILTON PINHEIRO DANTAS;'09261355000109;VALOR QUE SE EMPENHA REFERENTE A COMPRA DE COMBUSTIVEL GASOLINA COMUM DESTINADO AO PALIO DE PLACA QFE8506 PERTENCENTE A SECRETARIA DE TRANSITO DESTE MUNICIPIO RELATIVO AO MES DE JULHO DE 2024;1228.24;1228.24;1228.24
2024;201157;02090;Secretaria de Agricultura e Meio Ambiente;'0006120;2024-09-27;30;Material de Consumo;20;Agricultura;122;Administração Geral;2002;ADMINISTRANDO COM O CUIDADO DO POVO ESSE E MEU LUGAR;2029;MANUTENCAO DAS ATIVIDADES DA SECRETARIA DE AGRICULTURA E MEIO AMBIENTE;HILTON PINHEIRO DANTAS;'09261355000109;VALOR QUE SE EMPENHA REFERENTE A COMPRA DE COMBUSTIVEL OLEO DIESEL BS500 DESTINADO A RETROESCAVADEIRA DE PLACA RET0001 PERTENCENTE A SECRETARIA DE AGRICULTURA DESTE MUNICIPIO RELATIVO AO MES DE AGOSTO DE 2024;709.91;709.91;709.91
2024;201157;02040;Secretaria de Saude;'0005530;2024-09-03;30;Material de Consumo;10;Saúde;301;Atenção Básica;2002;ADMINISTRANDO COM O CUIDADO DO POVO ESSE E MEU LUGAR;2009;MANUTENCAO DAS ATIVIDADES DA  SECRETARIA DE SAUDE;HILTON PINHEIRO DANTAS;'09261355000109;VALOR QUE SE EMPENHA REFERENTE A COMPRA DE COMBUSTIVEL GASOLINA COMUM DESTINADO A MOTO TITAN DE PLACA MON2370 PERTENCENTE A SECRETARIA DE SAUDE NESTE MUNICIPIO REFERENTE AO MES DE AGOSTO DE 2024;73.02;73.02;73.02
2024;201157;02080;Secretaria de Obras e Servicos Urbanos;'0005726;2024-09-05;30;Material de Consumo;15;Urbanismo;122;Administração Geral;2002;ADMINISTRANDO COM O CUIDADO DO POVO ESSE E MEU LUGAR;2028;MANUTENCAO DAS ATIVIDADES DA SECRETARIA DE OBRAS E SERVICOS URBANOS;HILTON PINHEIRO DANTAS;'09261355000109;VALOR QUE SE EMPENHA REFERENTE A COMPRA DE COMBUSTIVEL OLEO DIESEL S10 DESTINADO AO CAMINHAO COMPACTADOR DE PLACA SKX4C74 PERTENCENTE A SECRETARIA DE OBRAS E SERVICOS URBANOS DESTE MUNICIPIO RELATIVO AO MES DE AGOSTO DE 2024;16935.87;16935.87;16935.87
2024;201157;02070;Secretaria de Desenvolvimento Social;'0007942;2024-12-05;30;Material de Consumo;8;Assistêncial Social;243;Assistência à Criança e ao Adolescente;1003;DESENVOLVIMENTO SOCIAL, POR MAIS CIDADANIA E DIREITOS ESSE E MEU LUGAR;2026;MANUTENCAO DO CONSELHO TUTELAR;HILTON PINHEIRO DANTAS;'09261355000109;VALOR QUE SE EMPENHA REFERENTE A COMPRA DE COMBUSTIVEL GASOLINA COMUM DESTINADO AO CRONNOS DE PLACA SLD6G90 PERTENCENTE AO CONSELHO TUTELAR DESTE MUNICIPIO RELATIVO AO MES DE NOVEMBRO DE 2024;464.63;464.63;464.63
2024;201157;02110;Fundo Municipal de Saude;'0007943;2024-12-05;30;Material de Consumo;10;Saúde;302;Assistência Hospitalar e Ambulatorial;1002;SAUDE ACOLHEDORA, INTEGRAL, RESOLUTIVA E CIDADA ESSE E MEU LUGAR;2037;MANUTENCAO DO BLOCO DAS ACOES E SERVICOS PUBLICOS DE SAUDE-ATENCAO ESP;HILTON PINHEIRO DANTAS;'09261355000109;VALOR QUE SE EMPENHA REFERENTE A COMPRA DE COMBUSTIVEL GASOLINA COMUM DESTINADO A MONTANA DE PLACA RLQ1D50 PERTENCENTE AO PRONTO ATENDIMENTO DESTE MUNICIPIO REFERENTE AO MES DE NOVEMBRO DE 2024;3941.96;3941.96;3941.96
2024;201157;02010;Secretaria de Gestao;'0007944;2024-12-05;30;Material de Consumo;4;Administração;122;Administração Geral;2002;ADMINISTRANDO COM O CUIDADO DO POVO ESSE E MEU LUGAR;2002;MANUTENCAO DAS ATIVIDADES DA SECRETARIA DE GESTAO;HILTON PINHEIRO DANTAS;'09261355000109;VALOR QUE SE EMPENHA REFERENTE A COMPRA DE COMBUSTIVEL GASOLINA COMUM DESTINADO AO NISSAN KICKS DE PLACA SLB2F65 LOCADO A DISPOSICAO DO GABINETE DO PREFEITO RELATIVO AO MES DE NOVEMBRO DE 2024;380.5;380.5;380.5
2024;201157;02080;Secretaria de Obras e Servicos Urbanos;'0007945;2024-12-05;30;Material de Consumo;15;Urbanismo;122;Administração Geral;2002;ADMINISTRANDO COM O CUIDADO DO POVO ESSE E MEU LUGAR;2028;MANUTENCAO DAS ATIVIDADES DA SECRETARIA DE OBRAS E SERVICOS URBANOS;HILTON PINHEIRO DANTAS;'09261355000109;VALOR QUE SE EMPENHA REFERENTE A COMPRA DE LUBRIFICANTE DESTINADA AOS VEICULOS DA FROTA MUNICIPAL RELATIVO AO MES DE NOVEMBRO DE 2024;3442.8;3442.8;3442.8
2024;201157;02050;Secretaria de Educacao;'0007946;2024-12-05;30;Material de Consumo;12;Educação;361;Ensino Fundamental;1001;EDUCACAO CIDADA, INTEGRAL E PROFISSIONAL ESSE E MEU LUGAR;2010;MANUTENCAO DAS ATIVIDADES DO ENSINO FUNDAMENTAL;HILTON PINHEIRO DANTAS;'09261355000109;VALOR QUE SE EMPENHA REFERENTE A COMPRA DE COMBUSTIVEL GASOLINA COMUM DESTINADO AO VEICULO STRADA DE PLACA SKV9F88 PERTENCENTE A SECRETARIA DE EDUCACAO DESTE MUNICIPIO RELATIVO AO MES DE NOVEMBRO DE 2024;1429.46;1429.46;1429.46
2024;201157;02080;Secretaria de Obras e Servicos Urbanos;'0007947;2024-12-05;30;Material de Consumo;15;Urbanismo;122;Administração Geral;2002;ADMINISTRANDO COM O CUIDADO DO POVO ESSE E MEU LUGAR;2028;MANUTENCAO DAS ATIVIDADES DA SECRETARIA DE OBRAS E SERVICOS URBANOS;HILTON PINHEIRO DANTAS;'09261355000109;VALOR QUE SE EMPENHA REFERENTE A COMPRA DE COMBUSTIVEL GASOLINA COMUM DESTINADO A SAVEIRO DE PLACA QSI3E62 LOCADA A DISPOSICAO DA SECRETARIA DE OBRAS DESTE MUNICIPIO REFERENTE AO MES DE NOVEMBRO DE 2024;1045.82;1045.82;1045.82
2024;201157;02080;Secretaria de Obras e Servicos Urbanos;'0007948;2024-12-05;30;Material de Consumo;15;Urbanismo;122;Administração Geral;2002;ADMINISTRANDO COM O CUIDADO DO POVO ESSE E MEU LUGAR;2028;MANUTENCAO DAS ATIVIDADES DA SECRETARIA DE OBRAS E SERVICOS URBANOS;HILTON PINHEIRO DANTAS;'09261355000109;VALOR QUE SE EMPENHA REFERENTE A COMPRA DE COMBUSTIVEL GASOLINA COMUM DESTINADO A MOTOSERRA MOTSER01 PERTENCENTE A SECRETARIA DE OBRAS E SERVICOS URBANOS DESTE MUNICIPIO RELATIVO AO MES DE NOVEMBRO DE 2024;367.2;367.2;367.2
2024;201157;02060;Secretaria de Transito;'0007949;2024-12-05;30;Material de Consumo;26;Transporte;122;Administração Geral;2002;ADMINISTRANDO COM O CUIDADO DO POVO ESSE E MEU LUGAR;2024;MANUTENCAO DAS ATIVIDADES DA SECRETARIA DE TRANSITO;HILTON PINHEIRO DANTAS;'09261355000109;VALOR QUE SE EMPENHA REFERENTE A COMPRA DE COMBUSTIVEL GASOLINA COMUM DESTINADO AO PALIO DE PLACA QFE8506 PERTENCENTE A SECRETARIA DE TRANSITO DESTE MUNICIPIO RELATIVO AO MES DE NOVEMBRO DE 2024;683.15;683.15;683.15
2024;201157;02010;Secretaria de Gestao;'0007950;2024-12-05;30;Material de Consumo;4;Administração;122;Administração Geral;2002;ADMINISTRANDO COM O CUIDADO DO POVO ESSE E MEU LUGAR;2002;MANUTENCAO DAS ATIVIDADES DA SECRETARIA DE GESTAO;HILTON PINHEIRO DANTAS;'09261355000109;VALOR QUE SE EMPENHA REFERENTE A COMPRA DE COMBUSTIVEL GASOLINA COMUM DESTINADO AO VEICULO PALIO DE PLACA OGG6585PB PERTENCENTE A SECRETARIA DE GESTAO DESTE MUNICIPIO RELATIVO AO MES DE NOVEMBRO DE 2024;1087.09;1087.09;1087.09
2024;201157;02070;Secretaria de Desenvolvimento Social;'0007951;2024-12-05;30;Material de Consumo;8;Assistêncial Social;122;Administração Geral;1003;DESENVOLVIMENTO SOCIAL, POR MAIS CIDADANIA E DIREITOS ESSE E MEU LUGAR;2025;MANUTENCAO DAS ATIVIDADES DA SECRETARIA DE DESENVOLVIMENTO SOCIAL;HILTON PINHEIRO DANTAS;'09261355000109;VALOR QUE SE EMPENHA REFERENTE A COMPRA DE COMBUSTIVEL GASOLINA COMUM DESTINADO AO VEICULO AIR CROSS DE PLACA QSF5809PB PERTENCENTE AO CONSELHO DO IDOSO  DESTE MUNICIPIO RELATIVO AO MES DE NOVEMBRO DE 2024;1494.44;1494.44;1494.44
2024;201157;02090;Secretaria de Agricultura e Meio Ambiente;'0008905;2024-12-27;30;Material de Consumo;20;Agricultura;122;Administração Geral;2002;ADMINISTRANDO COM O CUIDADO DO POVO ESSE E MEU LUGAR;2029;MANUTENCAO DAS ATIVIDADES DA SECRETARIA DE AGRICULTURA E MEIO AMBIENTE;HILTON PINHEIRO DANTAS & CIA LTDA;'09261355000109;VALOR QUE SE EMPENHA REFERENTE A COMPRA DE COMBUSTIVEL OLEO DIESEL BS500 DESTINADO A RETROESCAVADEIRA DE PLACA RET0001 PERTENCENTE A SECRETARIA DE AGRICULTURA DESTE MUNICIPIO RELATIVO AO MES DE DEZEMBRO DE 2024;1424.81;1424.81;1424.81
2024;201157;02060;Secretaria de Transito;'0008906;2024-12-27;30;Material de Consumo;26;Transporte;122;Administração Geral;2002;ADMINISTRANDO COM O CUIDADO DO POVO ESSE E MEU LUGAR;2024;MANUTENCAO DAS ATIVIDADES DA SECRETARIA DE TRANSITO;HILTON PINHEIRO DANTAS & CIA LTDA;'09261355000109;VALOR QUE SE EMPENHA REFERENTE A COMPRA DE COMBUSTIVEL GASOLINA COMUM DESTINADO AO PALIO DE PLACA QFE8506 PERTENCENTE A SECRETARIA DE TRANSITO DESTE MUNICIPIO RELATIVO AO MES DE DEZEMBRO DE 2024;798.31;798.31;798.31
2024;201157;02050;Secretaria de Educacao;'0008908;2024-12-27;30;Material de Consumo;12;Educação;361;Ensino Fundamental;1001;EDUCACAO CIDADA, INTEGRAL E PROFISSIONAL ESSE E MEU LUGAR;2010;MANUTENCAO DAS ATIVIDADES DO ENSINO FUNDAMENTAL;HILTON PINHEIRO DANTAS & CIA LTDA;'09261355000109;VALOR QUE SE EMPENHA REFERENTE A COMPRA DE LUBRIFICANTE E FILTRO DE OLEO DESTINADOS A STRADA DE PLACA SKV9F88 PERTENCENTE A SECRETARIA DE EDUCACAO DESTE MUNICIPIO;118.6;118.6;118.6
2024;201157;02070;Secretaria de Desenvolvimento Social;'0008909;2024-12-27;30;Material de Consumo;8;Assistêncial Social;122;Administração Geral;1003;DESENVOLVIMENTO SOCIAL, POR MAIS CIDADANIA E DIREITOS ESSE E MEU LUGAR;2025;MANUTENCAO DAS ATIVIDADES DA SECRETARIA DE DESENVOLVIMENTO SOCIAL;HILTON PINHEIRO DANTAS & CIA LTDA;'09261355000109;VALOR QUE SE EMPENHA REFERENTE A COMPRA DE COMBUSTIVEL OLEO DIESEL S10 DESTINADO AO SPRINT CAMINHAO DE PLACA RLX0D19 PERTENCENTE A SECRETARIA DE DESENVOLVIMENTO SOCIAL DESTE MUNICIPIO RELATIVO AO MES DE DEZEMBRO DE 2024;361.09;361.09;361.09
2024;201157;02080;Secretaria de Obras e Servicos Urbanos;'0008910;2024-12-27;30;Material de Consumo;15;Urbanismo;122;Administração Geral;2002;ADMINISTRANDO COM O CUIDADO DO POVO ESSE E MEU LUGAR;2028;MANUTENCAO DAS ATIVIDADES DA SECRETARIA DE OBRAS E SERVICOS URBANOS;HILTON PINHEIRO DANTAS & CIA LTDA;'09261355000109;VALOR QUE SE EMPENHA REFERENTE A COMPRA DE COMBUSTIVEL OLEO DIESEL S10 DESTINADO AO CAMINHAO COMPACTADOR DE PLACA SKX4C74 PERTENCENTE A SECRETARIA DE OBRAS E SERVICOS URBANOS DESTE MUNICIPIO RELATIVO AO MES DE DEZEMBRO DE 2024;11813.9;11813.9;11813.9
